{
"lengthUnit": "mil",
"components": {
	"fields": ["COMPONENT_NO", "COMPONENT_NAME", "LAYER", "X_COORDINATE", "Y_COORDINATE", "ANGLE"],
	"rows": [
		[1, "ANT1", "B", 461.9, 301.12, 180],
		[2, "C1", "T", 320.26, 1103.8, 0],
		[3, "C2", "B", 436.9, 1091.12, 270],
		[4, "C3", "B", 207.9, 611.12, 0],
		[5, "C4", "B", 227.26, 814.26, 180],
		[6, "C5", "B", 206.9, 634.12, 180],
		[7, "C10", "B", 699.9, 650.12, 0],
		[8, "C11", "B", 220.9, 675.12, 90],
		[9, "C12", "B", 220.9, 723.12, 90],
		[10, "C13", "T", 141.9, 523.12, 180],
		[11, "C14", "T", 141.4, 499.12, 180],
		[12, "C15", "B", 312.9, 1104.12, 180],
		[13, "C16", "T", 573.9, 668.12, 0],
		[14, "C17", "T", 540.9, 700.12, 90],
		[15, "C18", "T", 403.9, 1078.12, 0],
		[16, "C19", "B", 390.9, 1091.12, 90],
		[17, "C20", "B", 423.9, 581.12, 270],
		[18, "C21", "B", 699.9, 759.12, 0],
		[19, "C22", "B", 699.9, 738.12, 0],
		[20, "C23", "B", 227.59, 869.39, 180],
		[21, "C24", "B", 401.9, 581.12, 270],
		[22, "C25", "B", 699.9, 829.12, 0],
		[23, "C26", "B", 699.9, 857.12, 0],
		[24, "C27", "T", 652.9, 898.12, 0],
		[25, "C28", "T", 740.9, 876.12, 0],
		[26, "C29", "T", 740.9, 898.12, 0],
		[27, "C30", "T", 664.9, 861.12, 90],
		[28, "C31", "T", 721.9, 831.12, 0],
		[29, "C32", "T", 252.79, 765.93, 270],
		[30, "C33", "T", 274.9, 766.12, 270],
		[31, "C34", "T", 228.9, 766.12, 270],
		[32, "C35", "T", 456.9, 1092.12, 90],
		[33, "C37", "T", 501.9, 1018.12, 0],
		[34, "C38", "T", 542.9, 997.12, 90],
		[35, "C39", "B", 206.9, 588.12, 180],
		[36, "C40", "B", 377.9, 581.12, 270],
		[37, "C41", "B", 206.9, 565.12, 180],
		[38, "C42", "B", 412.9, 1092.12, 90],
		[39, "C43", "T", 157.59, 1144.18, 90],
		[40, "C44", "T", 194.9, 1378.12, 0],
		[41, "C45", "T", 619.06, 1168.42, 0],
		[42, "C46", "B", 549.9, 1247.12, 180],
		[43, "C47", "B", 550.9, 1196.12, 180],
		[44, "C48", "B", 338.9, 1217.12, 270],
		[45, "C49", "B", 461.9, 1218.12, 90],
		[46, "C50", "T", 614.9, 1315.12, 0],
		[47, "C51", "T", 304.9, 1377.12, 180],
		[48, "C52", "T", 157.9, 1252.12, 270],
		[49, "C53", "B", 191.9, 539.12, 0],
		[50, "C54", "T", 147.9, 444.12, 90],
		[51, "C55", "T", 137.9, 1687.12, 180],
		[52, "C56", "T", 720.9, 1164.12, 180],
		[53, "C57", "T", 720.9, 1233.12, 180],
		[54, "C58", "T", 720.9, 1199.12, 180],
		[55, "C59", "T", 209.9, 1418.12, 0],
		[56, "C60", "T", 290.9, 1418.12, 180],
		[57, "C61", "T", 330.9, 1315.12, 90],
		[58, "C62", "B", 699.9, 800.12, 0],
		[59, "C63", "B", 386.89, 1653.4, 0],
		[60, "D1", "T", 433.9, 1408.12, 90],
		[61, "D2", "T", 477.9, 1409.12, 90],
		[62, "H3", "T", 759.9, 1589.12, 90],
		[63, "H4", "T", 13.9, 1039.12, 90],
		[64, "H5", "T", 896.9, 939.12, 270],
		[65, "L1", "T", 228.9, 1140.12, 90],
		[66, "L2", "T", 229.9, 1287.12, 90],
		[67, "L3", "T", 614.9, 1237.12, 0],
		[68, "LED1", "T", 146.9, 1562.12, 270],
		[69, "MIC1", "T", 682.9, 758.12, 0],
		[70, "P1", "T", 456.9, 482.12, 180],
		[71, "R1", "B", 343.9, 504.12, 0],
		[72, "R2", "B", 333.9, 536.12, 270],
		[73, "R3", "B", 333.9, 472.12, 270],
		[74, "R4", "B", 202.9, 1055.12, 270],
		[75, "R5", "B", 333.9, 1046.12, 270],
		[76, "R6", "T", 127.39, 1637.61, 0],
		[77, "R7", "T", 381.9, 1104.12, 180],
		[78, "R8", "B", 267.9, 1115.12, 270],
		[79, "R9", "T", 424.92, 1104.12, 180],
		[80, "R10", "T", 385.56, 1325.68, 90],
		[81, "R11", "T", 360.56, 1325.68, 270],
		[82, "R12", "T", 435.56, 1325.68, 90],
		[83, "R13", "T", 410.56, 1325.68, 270],
		[84, "R14", "T", 140.9, 881.12, 270],
		[85, "R15", "T", 386.9, 1438.12, 90],
		[86, "R16", "T", 506.9, 1437.12, 270],
		[87, "R17", "T", 542.9, 949.12, 270],
		[88, "R18", "T", 696.9, 898.12, 0],
		[89, "R19", "T", 776.9, 888.12, 90],
		[90, "R20", "T", 686.9, 864.12, 270],
		[91, "R21", "T", 719.9, 853.12, 180],
		[92, "R22", "T", 766.9, 920.12, 0],
		[93, "R23", "T", 696.9, 920.12, 180],
		[94, "R24", "B", 507.9, 1105.12, 270],
		[95, "R25", "B", 533.93, 1105.22, 270],
		[96, "R26", "B", 281.9, 1157.12, 90],
		[97, "R27", "B", 460.9, 1653.12, 0],
		[98, "SW1", "T", 670.9, 1050.12, 180],
		[99, "U1", "B", 450.9, 821.12, 90],
		[100, "U2", "B", 439.9, 1511.12, 180],
		[101, "U3", "T", 398.17, 1205.89, 180],
		[102, "U4", "T", 341.9, 908.12, 270],
		[103, "USB1", "T", 455.9, 1586.12, 180],
		[104, "X1", "B", 169.31, 698.76, 90]
	]
},
"pins": {
	"fields": ["PIN_NO", "PIN_NAME", "PIN_X", "PIN_Y", "LAYER", "PIN_TYPE", "NET_NAME", "NET_TYPE", "PAD_SHAPE", "PAD_SIZEX", "PAD_SIZEY", "HOLE_SIZE", "PAD_ANGLE"],
	"rows": [
		[1, "ANT1_1", 566.23, 301.12, "B", "SMD", "ANT1_1", "", "R", 59.05, 90.55, 0, 180],
		[2, "ANT1_2", 357.57, 301.12, "B", "SMD", "$1N78353", "", "R", 59.05, 90.55, 0, 180],
		[3, "C1_1", 308.76, 1103.8, "T", "SMD", "GND", "GND", "R", 14.51, 12.76, 0, 0],
		[4, "C1_2", 331.26, 1103.8, "T", "SMD", "3V3", "", "R", 14.51, 12.76, 0, 0],
		[5, "C2_1", 436.9, 1102.62, "B", "SMD", "GND", "GND", "R", 14.51, 12.76, 0, 270],
		[6, "C2_2", 436.9, 1080.12, "B", "SMD", "1V5", "", "R", 14.51, 12.76, 0, 270],
		[7, "C3_1", 196.4, 611.12, "B", "SMD", "GND", "GND", "R", 14.51, 12.76, 0, 0],
		[8, "C3_2", 218.9, 611.12, "B", "SMD", "1V5", "", "R", 14.51, 12.76, 0, 0],
		[9, "C4_1", 238.76, 814.26, "B", "SMD", "1V8-AON", "", "R", 14.51, 12.76, 0, 180],
		[10, "C4_2", 216.26, 814.26, "B", "SMD", "GND", "GND", "R", 14.51, 12.76, 0, 180],
		[11, "C5_1", 218.4, 634.12, "B", "SMD", "1V8-AON", "", "R", 14.51, 12.76, 0, 180],
		[12, "C5_2", 195.9, 634.12, "B", "SMD", "GND", "GND", "R", 14.51, 12.76, 0, 180],
		[13, "C10_1", 688.4, 650.12, "B", "SMD", "3V3", "", "R", 14.51, 12.76, 0, 0],
		[14, "C10_2", 710.9, 650.12, "B", "SMD", "GND", "GND", "R", 14.51, 12.76, 0, 0],
		[15, "C11_1", 220.9, 663.62, "B", "SMD", "GND", "GND", "R", 14.51, 12.76, 0, 90],
		[16, "C11_2", 220.9, 686.12, "B", "SMD", "HXIN", "", "R", 14.51, 12.76, 0, 90],
		[17, "C12_1", 220.9, 711.62, "B", "SMD", "HXOUT", "", "R", 14.51, 12.76, 0, 90],
		[18, "C12_2", 220.9, 734.12, "B", "SMD", "GND", "GND", "R", 14.51, 12.76, 0, 90],
		[19, "C13_1", 153.4, 523.12, "T", "SMD", "3V3", "", "R", 14.51, 12.76, 0, 180],
		[20, "C13_2", 130.9, 523.12, "T", "SMD", "GND", "GND", "R", 14.51, 12.76, 0, 180],
		[21, "C14_1", 152.9, 499.12, "T", "SMD", "3V3", "", "R", 14.51, 12.76, 0, 180],
		[22, "C14_2", 130.4, 499.12, "T", "SMD", "GND", "GND", "R", 14.51, 12.76, 0, 180],
		[23, "C15_1", 324.4, 1104.12, "B", "SMD", "3V3", "", "R", 14.51, 12.76, 0, 180],
		[24, "C15_2", 301.9, 1104.12, "B", "SMD", "GND", "GND", "R", 14.51, 12.76, 0, 180],
		[25, "C16_1", 562.4, 668.12, "T", "SMD", "3V3", "", "R", 14.51, 12.76, 0, 0],
		[26, "C16_2", 584.9, 668.12, "T", "SMD", "GND", "GND", "R", 14.51, 12.76, 0, 0],
		[27, "C17_1", 540.9, 688.62, "T", "SMD", "3V3", "", "R", 14.51, 12.76, 0, 90],
		[28, "C17_2", 540.9, 711.12, "T", "SMD", "GND", "GND", "R", 14.51, 12.76, 0, 90],
		[29, "C18_1", 392.4, 1078.12, "T", "SMD", "3V3", "", "R", 14.51, 12.76, 0, 0],
		[30, "C18_2", 414.9, 1078.12, "T", "SMD", "GND", "GND", "R", 14.51, 12.76, 0, 0],
		[31, "C19_1", 390.9, 1079.62, "B", "SMD", "0V9", "", "R", 14.51, 12.76, 0, 90],
		[32, "C19_2", 390.9, 1102.12, "B", "SMD", "GND", "GND", "R", 14.51, 12.76, 0, 90],
		[33, "C20_1", 423.9, 592.62, "B", "SMD", "0V9", "", "R", 14.51, 12.76, 0, 270],
		[34, "C20_2", 423.9, 570.12, "B", "SMD", "GND", "GND", "R", 14.51, 12.76, 0, 270],
		[35, "C21_1", 688.4, 759.12, "B", "SMD", "0V9", "", "R", 14.51, 12.76, 0, 0],
		[36, "C21_2", 710.9, 759.12, "B", "SMD", "GND", "GND", "R", 14.51, 12.76, 0, 0],
		[37, "C22_1", 688.4, 738.12, "B", "SMD", "0V9", "", "R", 14.51, 12.76, 0, 0],
		[38, "C22_2", 710.9, 738.12, "B", "SMD", "GND", "GND", "R", 14.51, 12.76, 0, 0],
		[39, "C23_1", 239.09, 869.39, "B", "SMD", "0V9", "", "R", 14.51, 12.76, 0, 180],
		[40, "C23_2", 216.59, 869.39, "B", "SMD", "GND", "GND", "R", 14.51, 12.76, 0, 180],
		[41, "C24_1", 401.9, 592.62, "B", "SMD", "0V9", "", "R", 14.51, 12.76, 0, 270],
		[42, "C24_2", 401.9, 570.12, "B", "SMD", "GND", "GND", "R", 14.51, 12.76, 0, 270],
		[43, "C25_1", 688.4, 829.12, "B", "SMD", "AVCC", "", "R", 14.51, 12.76, 0, 0],
		[44, "C25_2", 710.9, 829.12, "B", "SMD", "GND", "GND", "R", 14.51, 12.76, 0, 0],
		[45, "C26_1", 688.4, 857.12, "B", "SMD", "VRA1", "", "R", 14.51, 12.76, 0, 0],
		[46, "C26_2", 710.9, 857.12, "B", "SMD", "GND", "GND", "R", 14.51, 12.76, 0, 0],
		[47, "C27_1", 641.4, 898.12, "T", "SMD", "MICINP", "", "R", 14.51, 12.76, 0, 0],
		[48, "C27_2", 663.9, 898.12, "T", "SMD", "$1N85174", "", "R", 14.51, 12.76, 0, 0],
		[49, "C28_1", 729.4, 876.12, "T", "SMD", "MICINN", "", "R", 14.51, 12.76, 0, 0],
		[50, "C28_2", 751.9, 876.12, "T", "SMD", "$1N85237", "", "R", 14.51, 12.76, 0, 0],
		[51, "C29_1", 729.4, 898.12, "T", "SMD", "$1N85232", "", "R", 14.51, 12.76, 0, 0],
		[52, "C29_2", 751.9, 898.12, "T", "SMD", "$1N85241", "", "R", 14.51, 12.76, 0, 0],
		[53, "C30_1", 664.9, 849.62, "T", "SMD", "GND", "GND", "R", 14.51, 12.76, 0, 90],
		[54, "C30_2", 664.9, 872.12, "T", "SMD", "$1N85515", "", "R", 14.51, 12.76, 0, 90],
		[55, "C31_1", 710.4, 831.12, "T", "SMD", "$1N85511", "", "R", 14.51, 12.76, 0, 0],
		[56, "C31_2", 732.9, 831.12, "T", "SMD", "GND", "GND", "R", 14.51, 12.76, 0, 0],
		[57, "C32_1", 252.79, 777.43, "T", "SMD", "1V8", "", "R", 14.51, 12.76, 0, 270],
		[58, "C32_2", 252.79, 754.93, "T", "SMD", "GND", "GND", "R", 14.51, 12.76, 0, 270],
		[59, "C33_1", 274.9, 777.62, "T", "SMD", "1V8", "", "R", 14.51, 12.76, 0, 270],
		[60, "C33_2", 274.9, 755.12, "T", "SMD", "GND", "GND", "R", 14.51, 12.76, 0, 270],
		[61, "C34_1", 228.9, 777.62, "T", "SMD", "1V8", "", "R", 14.51, 12.76, 0, 270],
		[62, "C34_2", 228.9, 755.12, "T", "SMD", "GND", "GND", "R", 14.51, 12.76, 0, 270],
		[63, "C35_1", 456.9, 1080.62, "T", "SMD", "1V8", "", "R", 14.51, 12.76, 0, 90],
		[64, "C35_2", 456.9, 1103.12, "T", "SMD", "GND", "GND", "R", 14.51, 12.76, 0, 90],
		[65, "C37_1", 490.4, 1018.12, "T", "SMD", "3V3", "", "R", 14.51, 12.76, 0, 0],
		[66, "C37_2", 512.9, 1018.12, "T", "SMD", "GND", "GND", "R", 14.51, 12.76, 0, 0],
		[67, "C38_1", 542.9, 985.62, "T", "SMD", "3V3", "", "R", 14.51, 12.76, 0, 90],
		[68, "C38_2", 542.9, 1008.12, "T", "SMD", "GND", "GND", "R", 14.51, 12.76, 0, 90],
		[69, "C39_1", 218.4, 588.12, "B", "SMD", "1V5", "", "R", 14.51, 12.76, 0, 180],
		[70, "C39_2", 195.9, 588.12, "B", "SMD", "GND", "GND", "R", 14.51, 12.76, 0, 180],
		[71, "C40_1", 377.9, 592.62, "B", "SMD", "1V5", "", "R", 14.51, 12.76, 0, 270],
		[72, "C40_2", 377.9, 570.12, "B", "SMD", "GND", "GND", "R", 14.51, 12.76, 0, 270],
		[73, "C41_1", 218.4, 565.12, "B", "SMD", "1V5", "", "R", 14.51, 12.76, 0, 180],
		[74, "C41_2", 195.9, 565.12, "B", "SMD", "GND", "GND", "R", 14.51, 12.76, 0, 180],
		[75, "C42_1", 412.9, 1080.62, "B", "SMD", "1V5", "", "R", 14.51, 12.76, 0, 90],
		[76, "C42_2", 412.9, 1103.12, "B", "SMD", "GND", "GND", "R", 14.51, 12.76, 0, 90],
		[77, "C43_1", 157.59, 1114.65, "T", "SMD", "GND", "GND", "R", 33.47, 33.47, 0, 90],
		[78, "C43_2", 157.59, 1173.71, "T", "SMD", "3V3", "", "R", 33.47, 33.47, 0, 90],
		[79, "C44_1", 165.37, 1378.12, "T", "SMD", "GND", "GND", "R", 33.47, 33.47, 0, 0],
		[80, "C44_2", 224.43, 1378.12, "T", "SMD", "1V5", "", "R", 33.47, 33.47, 0, 0],
		[81, "C45_1", 589.53, 1168.42, "T", "SMD", "GND", "GND", "R", 33.47, 33.47, 0, 0],
		[82, "C45_2", 648.59, 1168.42, "T", "SMD", "0V9", "", "R", 33.47, 33.47, 0, 0],
		[83, "C46_1", 579.43, 1247.12, "B", "SMD", "GND", "GND", "R", 33.47, 33.47, 0, 180],
		[84, "C46_2", 520.37, 1247.12, "B", "SMD", "VBUS", "", "R", 33.47, 33.47, 0, 180],
		[85, "C47_1", 580.43, 1196.12, "B", "SMD", "GND", "GND", "R", 33.47, 33.47, 0, 180],
		[86, "C47_2", 521.37, 1196.12, "B", "SMD", "VBUS", "", "R", 33.47, 33.47, 0, 180],
		[87, "C48_1", 338.9, 1246.65, "B", "SMD", "GND", "GND", "R", 33.47, 33.47, 0, 270],
		[88, "C48_2", 338.9, 1187.59, "B", "SMD", "VBUS", "", "R", 33.47, 33.47, 0, 270],
		[89, "C49_1", 461.9, 1188.59, "B", "SMD", "GND", "GND", "R", 33.47, 33.47, 0, 90],
		[90, "C49_2", 461.9, 1247.65, "B", "SMD", "VBUS", "", "R", 33.47, 33.47, 0, 90],
		[91, "C50_1", 585.37, 1315.12, "T", "SMD", "GND", "GND", "R", 33.47, 33.47, 0, 0],
		[92, "C50_2", 644.43, 1315.12, "T", "SMD", "0V9", "", "R", 33.47, 33.47, 0, 0],
		[93, "C51_1", 334.43, 1377.12, "T", "SMD", "GND", "GND", "R", 33.47, 33.47, 0, 180],
		[94, "C51_2", 275.37, 1377.12, "T", "SMD", "1V5", "", "R", 33.47, 33.47, 0, 180],
		[95, "C52_1", 157.9, 1281.65, "T", "SMD", "GND", "GND", "R", 33.47, 33.47, 0, 270],
		[96, "C52_2", 157.9, 1222.59, "T", "SMD", "3V3", "", "R", 33.47, 33.47, 0, 270],
		[97, "C53_1", 171.91, 539.12, "B", "SMD", "GND", "GND", "R", 22, 22, 0, 0],
		[98, "C53_2", 211.91, 539.12, "B", "SMD", "3V3", "", "R", 22, 22, 0, 0],
		[99, "C54_1", 147.9, 424.13, "T", "SMD", "GND", "GND", "R", 22, 22, 0, 90],
		[100, "C54_2", 147.9, 464.13, "T", "SMD", "3V3", "", "R", 22, 22, 0, 90],
		[101, "C55_1", 157.9, 1687.12, "T", "SMD", "GND", "GND", "R", 22, 22, 0, 180],
		[102, "C55_2", 117.9, 1687.12, "T", "SMD", "3V3", "", "R", 22, 22, 0, 180],
		[103, "C56_1", 740.9, 1164.12, "T", "SMD", "GND", "GND", "R", 22, 22, 0, 180],
		[104, "C56_2", 700.9, 1164.12, "T", "SMD", "0V9", "", "R", 22, 22, 0, 180],
		[105, "C57_1", 740.9, 1233.12, "T", "SMD", "GND", "GND", "R", 22, 22, 0, 180],
		[106, "C57_2", 700.9, 1233.12, "T", "SMD", "0V9", "", "R", 22, 22, 0, 180],
		[107, "C58_1", 740.9, 1199.12, "T", "SMD", "GND", "GND", "R", 22, 22, 0, 180],
		[108, "C58_2", 700.9, 1199.12, "T", "SMD", "0V9", "", "R", 22, 22, 0, 180],
		[109, "C59_1", 189.9, 1418.12, "T", "SMD", "GND", "GND", "R", 22, 22, 0, 0],
		[110, "C59_2", 229.9, 1418.12, "T", "SMD", "1V5", "", "R", 22, 22, 0, 0],
		[111, "C60_1", 310.9, 1418.12, "T", "SMD", "GND", "GND", "R", 22, 22, 0, 180],
		[112, "C60_2", 270.9, 1418.12, "T", "SMD", "1V5", "", "R", 22, 22, 0, 180],
		[113, "C61_1", 330.9, 1295.13, "T", "SMD", "GND", "GND", "R", 22, 22, 0, 90],
		[114, "C61_2", 330.9, 1335.13, "T", "SMD", "1V5", "", "R", 22, 22, 0, 90],
		[115, "C62_1", 688.4, 800.12, "B", "SMD", "3V3", "", "R", 14.51, 12.76, 0, 0],
		[116, "C62_2", 710.9, 800.12, "B", "SMD", "GND", "GND", "R", 14.51, 12.76, 0, 0],
		[117, "C63_1", 366.89, 1653.4, "B", "SMD", "GND", "GND", "R", 22, 22, 0, 0],
		[118, "C63_2", 406.89, 1653.4, "B", "SMD", "$1N78208", "", "R", 22, 22, 0, 0],
		[119, "D1_1", 433.9, 1391.72, "T", "SMD", "GND", "GND", "R", 19.89, 21.68, 0, 90],
		[120, "D1_2", 433.9, 1424.52, "T", "SMD", "D0+", "", "R", 19.89, 21.68, 0, 90],
		[121, "D2_1", 477.9, 1392.72, "T", "SMD", "GND", "GND", "R", 19.89, 21.68, 0, 90],
		[122, "D2_2", 477.9, 1425.52, "T", "SMD", "D0-", "", "R", 19.89, 21.68, 0, 90],
		[123, "H3_1", 759.9, 1539.12, "T", "DIP", "LINEOUTP", "", "C", 66.93, 66.93, 39.37, 90],
		[124, "H3_1", 759.9, 1539.12, "B", "DIP", "LINEOUTP", "", "C", 66.93, 66.93, 39.37, 90],
		[125, "H3_2", 759.9, 1639.12, "T", "DIP", "LINEOUTN", "", "C", 66.93, 66.93, 39.37, 90],
		[126, "H3_2", 759.9, 1639.12, "B", "DIP", "LINEOUTN", "", "C", 66.93, 66.93, 39.37, 90],
		[127, "H4_1", -1.57, 1689.12, "T", "DIP", "3V3", "", "R", 60, 118.11, 36, 270],
		[128, "H4_1", -1.57, 1689.12, "B", "DIP", "3V3", "", "R", 60, 118.11, 36, 270],
		[129, "H4_1", 58.43, 1689.12, "T", "DIP", "3V3", "", "C", 60, 60, 36, 270],
		[130, "H4_1", 58.43, 1689.12, "B", "DIP", "3V3", "", "C", 60, 60, 36, 270],
		[131, "H4_2", -1.57, 1589.12, "T", "DIP", "PL2", "", "R", 60, 118.11, 36, 270],
		[132, "H4_2", -1.57, 1589.12, "B", "DIP", "PL2", "", "R", 60, 118.11, 36, 270],
		[133, "H4_2", 58.43, 1589.12, "T", "DIP", "PL2", "", "C", 60, 60, 36, 270],
		[134, "H4_2", 58.43, 1589.12, "B", "DIP", "PL2", "", "C", 60, 60, 36, 270],
		[135, "H4_3", -1.57, 1489.12, "T", "DIP", "PL3", "", "R", 60, 118.11, 36, 270],
		[136, "H4_3", -1.57, 1489.12, "B", "DIP", "PL3", "", "R", 60, 118.11, 36, 270],
		[137, "H4_3", 58.43, 1489.12, "T", "DIP", "PL3", "", "C", 60, 60, 36, 270],
		[138, "H4_3", 58.43, 1489.12, "B", "DIP", "PL3", "", "C", 60, 60, 36, 270],
		[139, "H4_4", -1.57, 1389.12, "T", "DIP", "UART0_TX", "", "R", 60, 118.11, 36, 270],
		[140, "H4_4", -1.57, 1389.12, "B", "DIP", "UART0_TX", "", "R", 60, 118.11, 36, 270],
		[141, "H4_4", 58.43, 1389.12, "T", "DIP", "UART0_TX", "", "C", 60, 60, 36, 270],
		[142, "H4_4", 58.43, 1389.12, "B", "DIP", "UART0_TX", "", "C", 60, 60, 36, 270],
		[143, "H4_5", -1.57, 1289.12, "T", "DIP", "UART0_RX", "", "R", 60, 118.11, 36, 270],
		[144, "H4_5", -1.57, 1289.12, "B", "DIP", "UART0_RX", "", "R", 60, 118.11, 36, 270],
		[145, "H4_5", 58.43, 1289.12, "T", "DIP", "UART0_RX", "", "C", 60, 60, 36, 270],
		[146, "H4_5", 58.43, 1289.12, "B", "DIP", "UART0_RX", "", "C", 60, 60, 36, 270],
		[147, "H4_6", -1.57, 1189.12, "T", "DIP", "PL6", "", "R", 60, 118.11, 36, 270],
		[148, "H4_6", -1.57, 1189.12, "B", "DIP", "PL6", "", "R", 60, 118.11, 36, 270],
		[149, "H4_6", 58.43, 1189.12, "T", "DIP", "PL6", "", "C", 60, 60, 36, 270],
		[150, "H4_6", 58.43, 1189.12, "B", "DIP", "PL6", "", "C", 60, 60, 36, 270],
		[151, "H4_7", -1.57, 1089.12, "T", "DIP", "PL7", "", "R", 60, 118.11, 36, 270],
		[152, "H4_7", -1.57, 1089.12, "B", "DIP", "PL7", "", "R", 60, 118.11, 36, 270],
		[153, "H4_7", 58.43, 1089.12, "T", "DIP", "PL7", "", "C", 60, 60, 36, 270],
		[154, "H4_7", 58.43, 1089.12, "B", "DIP", "PL7", "", "C", 60, 60, 36, 270],
		[155, "H4_8", -1.57, 989.12, "T", "DIP", "PD15", "", "R", 60, 118.11, 36, 270],
		[156, "H4_8", -1.57, 989.12, "B", "DIP", "PD15", "", "R", 60, 118.11, 36, 270],
		[157, "H4_8", 58.43, 989.12, "T", "DIP", "PD15", "", "C", 60, 60, 36, 270],
		[158, "H4_8", 58.43, 989.12, "B", "DIP", "PD15", "", "C", 60, 60, 36, 270],
		[159, "H4_9", -1.57, 889.12, "T", "DIP", "PD13", "", "R", 60, 118.11, 36, 270],
		[160, "H4_9", -1.57, 889.12, "B", "DIP", "PD13", "", "R", 60, 118.11, 36, 270],
		[161, "H4_9", 58.43, 889.12, "T", "DIP", "PD13", "", "C", 60, 60, 36, 270],
		[162, "H4_9", 58.43, 889.12, "B", "DIP", "PD13", "", "C", 60, 60, 36, 270],
		[163, "H4_10", -1.57, 789.12, "T", "DIP", "PD16", "", "R", 60, 118.11, 36, 270],
		[164, "H4_10", -1.57, 789.12, "B", "DIP", "PD16", "", "R", 60, 118.11, 36, 270],
		[165, "H4_10", 58.43, 789.12, "T", "DIP", "PD16", "", "C", 60, 60, 36, 270],
		[166, "H4_10", 58.43, 789.12, "B", "DIP", "PD16", "", "C", 60, 60, 36, 270],
		[167, "H4_11", -1.57, 689.12, "T", "DIP", "PD17", "", "R", 60, 118.11, 36, 270],
		[168, "H4_11", -1.57, 689.12, "B", "DIP", "PD17", "", "R", 60, 118.11, 36, 270],
		[169, "H4_11", 58.43, 689.12, "T", "DIP", "PD17", "", "C", 60, 60, 36, 270],
		[170, "H4_11", 58.43, 689.12, "B", "DIP", "PD17", "", "C", 60, 60, 36, 270],
		[171, "H4_12", 58.43, 589.12, "T", "DIP", "PD23", "", "C", 60, 60, 36, 270],
		[172, "H4_12", 58.43, 589.12, "B", "DIP", "PD23", "", "C", 60, 60, 36, 270],
		[173, "H4_12", -1.57, 589.12, "T", "DIP", "PD23", "", "R", 60, 118.11, 36, 270],
		[174, "H4_12", -1.57, 589.12, "B", "DIP", "PD23", "", "R", 60, 118.11, 36, 270],
		[175, "H4_13", 58.43, 489.12, "T", "DIP", "PD22", "", "C", 60, 60, 36, 270],
		[176, "H4_13", 58.43, 489.12, "B", "DIP", "PD22", "", "C", 60, 60, 36, 270],
		[177, "H4_13", -1.57, 489.12, "T", "DIP", "PD22", "", "R", 60, 118.11, 36, 270],
		[178, "H4_13", -1.57, 489.12, "B", "DIP", "PD22", "", "R", 60, 118.11, 36, 270],
		[179, "H4_14", 58.43, 389.12, "T", "DIP", "PD18", "", "C", 60, 60, 36, 270],
		[180, "H4_14", 58.43, 389.12, "B", "DIP", "PD18", "", "C", 60, 60, 36, 270],
		[181, "H4_14", -1.57, 389.12, "T", "DIP", "PD18", "", "R", 60, 118.11, 36, 270],
		[182, "H4_14", -1.57, 389.12, "B", "DIP", "PD18", "", "R", 60, 118.11, 36, 270],
		[183, "H4_15", 58.43, 289.12, "T", "DIP", "PD19", "", "C", 60, 60, 36, 270],
		[184, "H4_15", 58.43, 289.12, "B", "DIP", "PD19", "", "C", 60, 60, 36, 270],
		[185, "H4_15", -1.57, 289.12, "T", "DIP", "PD19", "", "R", 60, 118.11, 36, 270],
		[186, "H4_15", -1.57, 289.12, "B", "DIP", "PD19", "", "R", 60, 118.11, 36, 270],
		[187, "H5_1", 912.37, 289.12, "T", "DIP", "PD11", "", "R", 60, 118.11, 36, 90],
		[188, "H5_1", 912.37, 289.12, "B", "DIP", "PD11", "", "R", 60, 118.11, 36, 90],
		[189, "H5_1", 852.37, 289.12, "T", "DIP", "PD11", "", "C", 60, 60, 36, 90],
		[190, "H5_1", 852.37, 289.12, "B", "DIP", "PD11", "", "C", 60, 60, 36, 90],
		[191, "H5_2", 912.37, 389.12, "T", "DIP", "PD10", "", "R", 60, 118.11, 36, 90],
		[192, "H5_2", 912.37, 389.12, "B", "DIP", "PD10", "", "R", 60, 118.11, 36, 90],
		[193, "H5_2", 852.37, 389.12, "T", "DIP", "PD10", "", "C", 60, 60, 36, 90],
		[194, "H5_2", 852.37, 389.12, "B", "DIP", "PD10", "", "C", 60, 60, 36, 90],
		[195, "H5_3", 912.37, 489.12, "T", "DIP", "PD9", "", "R", 60, 118.11, 36, 90],
		[196, "H5_3", 912.37, 489.12, "B", "DIP", "PD9", "", "R", 60, 118.11, 36, 90],
		[197, "H5_3", 852.37, 489.12, "T", "DIP", "PD9", "", "C", 60, 60, 36, 90],
		[198, "H5_3", 852.37, 489.12, "B", "DIP", "PD9", "", "C", 60, 60, 36, 90],
		[199, "H5_4", 912.37, 589.12, "T", "DIP", "PD8", "", "R", 60, 118.11, 36, 90],
		[200, "H5_4", 912.37, 589.12, "B", "DIP", "PD8", "", "R", 60, 118.11, 36, 90],
		[201, "H5_4", 852.37, 589.12, "T", "DIP", "PD8", "", "C", 60, 60, 36, 90],
		[202, "H5_4", 852.37, 589.12, "B", "DIP", "PD8", "", "C", 60, 60, 36, 90],
		[203, "H5_5", 912.37, 689.12, "T", "DIP", "PD7", "", "R", 60, 118.11, 36, 90],
		[204, "H5_5", 912.37, 689.12, "B", "DIP", "PD7", "", "R", 60, 118.11, 36, 90],
		[205, "H5_5", 852.37, 689.12, "T", "DIP", "PD7", "", "C", 60, 60, 36, 90],
		[206, "H5_5", 852.37, 689.12, "B", "DIP", "PD7", "", "C", 60, 60, 36, 90],
		[207, "H5_6", 912.37, 789.12, "T", "DIP", "PD12", "", "R", 60, 118.11, 36, 90],
		[208, "H5_6", 912.37, 789.12, "B", "DIP", "PD12", "", "R", 60, 118.11, 36, 90],
		[209, "H5_6", 852.37, 789.12, "T", "DIP", "PD12", "", "C", 60, 60, 36, 90],
		[210, "H5_6", 852.37, 789.12, "B", "DIP", "PD12", "", "C", 60, 60, 36, 90],
		[211, "H5_7", 912.37, 889.12, "T", "DIP", "PD14", "", "R", 60, 118.11, 36, 90],
		[212, "H5_7", 912.37, 889.12, "B", "DIP", "PD14", "", "R", 60, 118.11, 36, 90],
		[213, "H5_7", 852.37, 889.12, "T", "DIP", "PD14", "", "C", 60, 60, 36, 90],
		[214, "H5_7", 852.37, 889.12, "B", "DIP", "PD14", "", "C", 60, 60, 36, 90],
		[215, "H5_8", 912.37, 989.12, "T", "DIP", "PD6", "", "R", 60, 118.11, 36, 90],
		[216, "H5_8", 912.37, 989.12, "B", "DIP", "PD6", "", "R", 60, 118.11, 36, 90],
		[217, "H5_8", 852.37, 989.12, "T", "DIP", "PD6", "", "C", 60, 60, 36, 90],
		[218, "H5_8", 852.37, 989.12, "B", "DIP", "PD6", "", "C", 60, 60, 36, 90],
		[219, "H5_9", 912.37, 1089.12, "T", "DIP", "PD5", "", "R", 60, 118.11, 36, 90],
		[220, "H5_9", 912.37, 1089.12, "B", "DIP", "PD5", "", "R", 60, 118.11, 36, 90],
		[221, "H5_9", 852.37, 1089.12, "T", "DIP", "PD5", "", "C", 60, 60, 36, 90],
		[222, "H5_9", 852.37, 1089.12, "B", "DIP", "PD5", "", "C", 60, 60, 36, 90],
		[223, "H5_10", 912.37, 1189.12, "T", "DIP", "PD4", "", "R", 60, 118.11, 36, 90],
		[224, "H5_10", 912.37, 1189.12, "B", "DIP", "PD4", "", "R", 60, 118.11, 36, 90],
		[225, "H5_10", 852.37, 1189.12, "T", "DIP", "PD4", "", "C", 60, 60, 36, 90],
		[226, "H5_10", 852.37, 1189.12, "B", "DIP", "PD4", "", "C", 60, 60, 36, 90],
		[227, "H5_11", 912.37, 1289.12, "T", "DIP", "PD3", "", "R", 60, 118.11, 36, 90],
		[228, "H5_11", 912.37, 1289.12, "B", "DIP", "PD3", "", "R", 60, 118.11, 36, 90],
		[229, "H5_11", 852.37, 1289.12, "T", "DIP", "PD3", "", "C", 60, 60, 36, 90],
		[230, "H5_11", 852.37, 1289.12, "B", "DIP", "PD3", "", "C", 60, 60, 36, 90],
		[231, "H5_12", 852.37, 1389.12, "T", "DIP", "PD2", "", "C", 60, 60, 36, 90],
		[232, "H5_12", 852.37, 1389.12, "B", "DIP", "PD2", "", "C", 60, 60, 36, 90],
		[233, "H5_12", 912.37, 1389.12, "T", "DIP", "PD2", "", "R", 60, 118.11, 36, 90],
		[234, "H5_12", 912.37, 1389.12, "B", "DIP", "PD2", "", "R", 60, 118.11, 36, 90],
		[235, "H5_13", 852.37, 1489.12, "T", "DIP", "PD1", "", "C", 60, 60, 36, 90],
		[236, "H5_13", 852.37, 1489.12, "B", "DIP", "PD1", "", "C", 60, 60, 36, 90],
		[237, "H5_13", 912.37, 1489.12, "T", "DIP", "PD1", "", "R", 60, 118.11, 36, 90],
		[238, "H5_13", 912.37, 1489.12, "B", "DIP", "PD1", "", "R", 60, 118.11, 36, 90],
		[239, "H5_14", 852.37, 1589.12, "T", "DIP", "GPADC0", "", "C", 60, 60, 36, 90],
		[240, "H5_14", 852.37, 1589.12, "B", "DIP", "GPADC0", "", "C", 60, 60, 36, 90],
		[241, "H5_14", 912.37, 1589.12, "T", "DIP", "GPADC0", "", "R", 60, 118.11, 36, 90],
		[242, "H5_14", 912.37, 1589.12, "B", "DIP", "GPADC0", "", "R", 60, 118.11, 36, 90],
		[243, "H5_15", 852.37, 1689.12, "T", "DIP", "GND", "GND", "C", 60, 60, 36, 90],
		[244, "H5_15", 852.37, 1689.12, "B", "DIP", "GND", "GND", "C", 60, 60, 36, 90],
		[245, "H5_15", 912.37, 1689.12, "T", "DIP", "GND", "GND", "R", 60, 118.11, 36, 90],
		[246, "H5_15", 912.37, 1689.12, "B", "DIP", "GND", "GND", "R", 60, 118.11, 36, 90],
		[247, "L1_1", 228.9, 1172.72, "T", "SMD", "3V3", "", "R", 39.37, 67.72, 0, 90],
		[248, "L1_2", 228.9, 1107.52, "T", "SMD", "$1N82929", "", "R", 39.37, 67.72, 0, 90],
		[249, "L2_1", 229.9, 1319.72, "T", "SMD", "1V5", "", "R", 39.37, 67.72, 0, 90],
		[250, "L2_2", 229.9, 1254.52, "T", "SMD", "$1N83076", "", "R", 39.37, 67.72, 0, 90],
		[251, "L3_1", 647.5, 1237.12, "T", "SMD", "0V9", "", "R", 39.37, 67.72, 0, 0],
		[252, "L3_2", 582.3, 1237.12, "T", "SMD", "$1N83339", "", "R", 39.37, 67.72, 0, 0],
		[253, "LED1_1", 146.9, 1598.12, "T", "SMD", "$1N79510", "", "R", 35.83, 70, 0, 270],
		[254, "LED1_2", 146.9, 1525.12, "T", "SMD", "GND", "GND", "R", 35.83, 70, 0, 270],
		[255, "MIC1_1", 659.63, 739.01, "T", "SMD", "$1N85515", "", "C", 39.37, 39.37, 0, 0],
		[256, "MIC1_2", 706.17, 777.24, "T", "SMD", "$1N85511", "", "O", 20, 30, 0, 39],
		[257, "P1_1", 603.56, 521.97, "T", "SMD", "GND", "GND", "R", 15.75, 45.28, 0, 180],
		[258, "P1_2", 583.87, 442.15, "T", "SMD", "MIPIA-CSI-D0N", "", "R", 15.75, 45.28, 0, 180],
		[259, "P1_3", 564.16, 521.97, "T", "SMD", "MIPIA-CSI-D0P", "", "R", 15.75, 45.28, 0, 180],
		[260, "P1_4", 544.47, 442.15, "T", "SMD", "GND", "GND", "R", 15.75, 45.28, 0, 180],
		[261, "P1_5", 524.86, 521.97, "T", "SMD", "MIPIA-CSI-D1N", "", "R", 15.75, 45.28, 0, 180],
		[262, "P1_6", 505.07, 442.15, "T", "SMD", "MIPIA-CSI-D1P", "", "R", 15.75, 45.28, 0, 180],
		[263, "P1_7", 485.46, 521.97, "T", "SMD", "GND", "GND", "R", 15.75, 45.28, 0, 180],
		[264, "P1_8", 465.67, 442.15, "T", "SMD", "MIPIA-CSI-CK0N", "", "R", 15.75, 45.28, 0, 180],
		[265, "P1_9", 446.06, 521.97, "T", "SMD", "MIPIA-CSI-CK0P", "", "R", 15.75, 45.28, 0, 180],
		[266, "P1_10", 426.37, 442.15, "T", "SMD", "GND", "GND", "R", 15.75, 45.28, 0, 180],
		[267, "P1_11", 406.76, 521.97, "T", "SMD", "MIPIA_RSTN", "", "R", 15.75, 45.28, 0, 180],
		[268, "P1_12", 386.97, 442.15, "T", "SMD", "MIPIA_MCLK", "", "R", 15.75, 45.28, 0, 180],
		[269, "P1_13", 367.38, 522.03, "T", "SMD", "TWI0_SCK", "", "R", 15.75, 45.28, 0, 180],
		[270, "P1_14", 347.7, 442.33, "T", "SMD", "TWI0_SDA", "", "R", 15.75, 45.28, 0, 180],
		[271, "P1_15", 328.1, 522.1, "T", "SMD", "P1_15", "", "R", 15.75, 45.28, 0, 180],
		[272, "P1_16", 308.38, 442.2, "T", "SMD", "3V3", "", "R", 15.75, 45.28, 0, 180],
		[273, "P1_17", 237.56, 482.1, "T", "SMD", "GND", "GND", "R", 78.74, 94.49, 0, 180],
		[274, "P1_18", 676.25, 482.12, "T", "SMD", "GND", "GND", "R", 78.74, 94.49, 0, 180],
		[275, "R1_1", 334.39, 504.12, "B", "SMD", "$1N78347", "", "R", 11.93, 12.76, 0, 0],
		[276, "R1_2", 353.41, 504.12, "B", "SMD", "GND", "GND", "R", 11.93, 12.76, 0, 0],
		[277, "R2_1", 333.9, 545.63, "B", "SMD", "$1N29215", "", "R", 11.93, 12.76, 0, 270],
		[278, "R2_2", 333.9, 526.61, "B", "SMD", "$1N78347", "", "R", 11.93, 12.76, 0, 270],
		[279, "R3_1", 333.9, 481.63, "B", "SMD", "$1N78347", "", "R", 11.93, 12.76, 0, 270],
		[280, "R3_2", 333.9, 462.61, "B", "SMD", "$1N78353", "", "R", 11.93, 12.76, 0, 270],
		[281, "R4_1", 202.9, 1064.63, "B", "SMD", "SDC0_CLK", "", "R", 11.93, 12.76, 0, 270],
		[282, "R4_2", 202.9, 1045.61, "B", "SMD", "$1N83538", "", "R", 11.93, 12.76, 0, 270],
		[283, "R5_1", 333.9, 1055.63, "B", "SMD", "SPI0_CLK", "", "R", 11.93, 12.76, 0, 270],
		[284, "R5_2", 333.9, 1036.61, "B", "SMD", "$1N83564", "", "R", 11.93, 12.76, 0, 270],
		[285, "R6_1", 117.88, 1637.61, "T", "SMD", "3V3", "", "R", 11.93, 12.76, 0, 0],
		[286, "R6_2", 136.9, 1637.61, "T", "SMD", "$1N79510", "", "R", 11.93, 12.76, 0, 0],
		[287, "R7_1", 391.41, 1104.12, "T", "SMD", "$1N82766", "", "R", 11.93, 12.76, 0, 180],
		[288, "R7_2", 372.39, 1104.12, "T", "SMD", "3V3", "", "R", 11.93, 12.76, 0, 180],
		[289, "R8_1", 267.9, 1124.63, "B", "SMD", "$1N78221", "", "R", 11.93, 12.76, 0, 270],
		[290, "R8_2", 267.9, 1105.61, "B", "SMD", "SDC0_DC", "", "R", 11.93, 12.76, 0, 270],
		[291, "R9_1", 434.43, 1104.12, "T", "SMD", "GND", "GND", "R", 11.93, 12.76, 0, 180],
		[292, "R9_2", 415.41, 1104.12, "T", "SMD", "$1N82766", "", "R", 11.93, 12.76, 0, 180],
		[293, "R10_1", 385.56, 1316.17, "T", "SMD", "$1N83072", "", "R", 11.93, 12.76, 0, 90],
		[294, "R10_2", 385.56, 1335.19, "T", "SMD", "1V5", "", "R", 11.93, 12.76, 0, 90],
		[295, "R11_1", 360.56, 1335.19, "T", "SMD", "GND", "GND", "R", 11.93, 12.76, 0, 270],
		[296, "R11_2", 360.56, 1316.17, "T", "SMD", "$1N83072", "", "R", 11.93, 12.76, 0, 270],
		[297, "R12_1", 435.56, 1316.17, "T", "SMD", "$1N83335", "", "R", 11.93, 12.76, 0, 90],
		[298, "R12_2", 435.56, 1335.19, "T", "SMD", "0V9", "", "R", 11.93, 12.76, 0, 90],
		[299, "R13_1", 410.56, 1335.19, "T", "SMD", "GND", "GND", "R", 11.93, 12.76, 0, 270],
		[300, "R13_2", 410.56, 1316.17, "T", "SMD", "$1N83335", "", "R", 11.93, 12.76, 0, 270],
		[301, "R14_1", 140.9, 890.63, "T", "SMD", "SPI0_WP", "", "R", 11.93, 12.76, 0, 270],
		[302, "R14_2", 140.9, 871.61, "T", "SMD", "3V3", "", "R", 11.93, 12.76, 0, 270],
		[303, "R15_1", 386.9, 1428.61, "T", "SMD", "GND", "GND", "R", 11.93, 12.76, 0, 90],
		[304, "R15_2", 386.9, 1447.63, "T", "SMD", "$1N80715", "", "R", 11.93, 12.76, 0, 90],
		[305, "R16_1", 506.9, 1446.63, "T", "SMD", "$1N80801", "", "R", 11.93, 12.76, 0, 270],
		[306, "R16_2", 506.9, 1427.61, "T", "SMD", "GND", "GND", "R", 11.93, 12.76, 0, 270],
		[307, "R17_1", 542.9, 958.63, "T", "SMD", "3V3", "", "R", 11.93, 12.76, 0, 270],
		[308, "R17_2", 542.9, 939.61, "T", "SMD", "SPI0_HOLD", "", "R", 11.93, 12.76, 0, 270],
		[309, "R18_1", 687.39, 898.12, "T", "SMD", "$1N85174", "", "R", 11.93, 12.76, 0, 0],
		[310, "R18_2", 706.41, 898.12, "T", "SMD", "$1N85232", "", "R", 11.93, 12.76, 0, 0],
		[311, "R19_1", 776.9, 878.61, "T", "SMD", "$1N85237", "", "R", 11.93, 12.76, 0, 90],
		[312, "R19_2", 776.9, 897.63, "T", "SMD", "$1N85241", "", "R", 11.93, 12.76, 0, 90],
		[313, "R20_1", 686.9, 873.63, "T", "SMD", "$1N85174", "", "R", 11.93, 12.76, 0, 270],
		[314, "R20_2", 686.9, 854.61, "T", "SMD", "$1N85515", "", "R", 11.93, 12.76, 0, 270],
		[315, "R21_1", 729.41, 853.12, "T", "SMD", "$1N85237", "", "R", 11.93, 12.76, 0, 180],
		[316, "R21_2", 710.39, 853.12, "T", "SMD", "$1N85511", "", "R", 11.93, 12.76, 0, 180],
		[317, "R22_1", 757.39, 920.12, "T", "SMD", "GND", "GND", "R", 11.93, 12.76, 0, 0],
		[318, "R22_2", 776.41, 920.12, "T", "SMD", "$1N85241", "", "R", 11.93, 12.76, 0, 0],
		[319, "R23_1", 706.41, 920.12, "T", "SMD", "$1N85232", "", "R", 11.93, 12.76, 0, 180],
		[320, "R23_2", 687.39, 920.12, "T", "SMD", "AVCC", "", "R", 11.93, 12.76, 0, 180],
		[321, "R24_1", 507.9, 1114.63, "B", "SMD", "1V8", "", "R", 11.93, 12.76, 0, 270],
		[322, "R24_2", 507.9, 1095.61, "B", "SMD", "TWI0_SCK", "", "R", 11.93, 12.76, 0, 270],
		[323, "R25_1", 533.93, 1114.73, "B", "SMD", "1V8", "", "R", 11.93, 12.76, 0, 270],
		[324, "R25_2", 533.93, 1095.71, "B", "SMD", "TWI0_SDA", "", "R", 11.93, 12.76, 0, 270],
		[325, "R26_1", 281.9, 1147.61, "B", "SMD", "GND", "GND", "R", 11.93, 12.76, 0, 90],
		[326, "R26_2", 281.9, 1166.63, "B", "SMD", "PMC_EN0", "", "R", 11.93, 12.76, 0, 90],
		[327, "R27_1", 442.9, 1653.12, "B", "SMD", "$1N78208", "", "R", 19.68, 22, 0, 0],
		[328, "R27_2", 478.9, 1653.12, "B", "SMD", "3V3", "", "R", 19.68, 22, 0, 0],
		[329, "SW1_1", 759.48, 1007.8, "T", "SMD", "GND", "GND", "R", 27.56, 39.37, 0, 270],
		[330, "SW1_2", 582.32, 1007.8, "T", "SMD", "SW1_2", "", "R", 27.56, 39.37, 0, 270],
		[331, "SW1_3", 759.48, 1092.45, "T", "SMD", "SW1_3", "", "R", 27.56, 39.37, 0, 270],
		[332, "SW1_4", 582.32, 1092.45, "T", "SMD", "FEL", "", "R", 27.56, 39.37, 0, 270],
		[333, "U1_1", 276.39, 676.43, "B", "SMD", "HXIN", "", "R", 6.3, 26.18, 0, 90],
		[334, "U1_2", 276.39, 690.21, "B", "SMD", "HXOUT", "", "R", 6.3, 26.18, 0, 90],
		[335, "U1_3", 276.39, 703.99, "B", "SMD", "PL7", "", "R", 6.3, 26.18, 0, 90],
		[336, "U1_4", 276.39, 717.77, "B", "SMD", "PL6", "", "R", 6.3, 26.18, 0, 90],
		[337, "U1_5", 276.39, 731.55, "B", "SMD", "UART0_RX", "", "R", 6.3, 26.18, 0, 90],
		[338, "U1_6", 276.39, 745.33, "B", "SMD", "UART0_TX", "", "R", 6.3, 26.18, 0, 90],
		[339, "U1_7", 276.39, 759.11, "B", "SMD", "PL3", "", "R", 6.3, 26.18, 0, 90],
		[340, "U1_8", 276.39, 772.89, "B", "SMD", "PL2", "", "R", 6.3, 26.18, 0, 90],
		[341, "U1_9", 276.39, 786.67, "B", "SMD", "U1_9", "", "R", 6.3, 26.18, 0, 90],
		[342, "U1_10", 276.39, 800.45, "B", "SMD", "PMC_EN0", "", "R", 6.3, 26.18, 0, 90],
		[343, "U1_11", 276.39, 814.23, "B", "SMD", "1V8-AON", "", "R", 6.3, 26.18, 0, 90],
		[344, "U1_12", 276.39, 828.01, "B", "SMD", "1V8", "", "R", 6.3, 26.18, 0, 90],
		[345, "U1_13", 276.39, 841.79, "B", "SMD", "3V3", "", "R", 6.3, 26.18, 0, 90],
		[346, "U1_14", 276.39, 855.57, "B", "SMD", "3V3", "", "R", 6.3, 26.18, 0, 90],
		[347, "U1_15", 276.39, 869.35, "B", "SMD", "0V9", "", "R", 6.3, 26.18, 0, 90],
		[348, "U1_16", 276.39, 883.13, "B", "SMD", "SDC0_D1", "", "R", 6.3, 26.18, 0, 90],
		[349, "U1_17", 276.39, 896.91, "B", "SMD", "SDC0_D0", "", "R", 6.3, 26.18, 0, 90],
		[350, "U1_18", 276.39, 910.69, "B", "SMD", "$1N83538", "", "R", 6.3, 26.18, 0, 90],
		[351, "U1_19", 276.39, 924.47, "B", "SMD", "SDC0_CMD", "", "R", 6.3, 26.18, 0, 90],
		[352, "U1_20", 276.39, 938.25, "B", "SMD", "SDC0_D3", "", "R", 6.3, 26.18, 0, 90],
		[353, "U1_21", 276.39, 952.03, "B", "SMD", "SDC0_D2", "", "R", 6.3, 26.18, 0, 90],
		[354, "U1_22", 276.39, 965.81, "B", "SMD", "SPI0_WP", "", "R", 6.3, 26.18, 0, 90],
		[355, "U1_23", 306.21, 995.63, "B", "SMD", "SPI0_HOLD", "", "R", 26.18, 6.3, 0, 90],
		[356, "U1_24", 319.99, 995.63, "B", "SMD", "SPI0_MOSI", "", "R", 26.18, 6.3, 0, 90],
		[357, "U1_25", 333.77, 995.63, "B", "SMD", "$1N83564", "", "R", 26.18, 6.3, 0, 90],
		[358, "U1_26", 347.55, 995.63, "B", "SMD", "SPI0_CS", "", "R", 26.18, 6.3, 0, 90],
		[359, "U1_27", 361.33, 995.63, "B", "SMD", "SPI0_MISO", "", "R", 26.18, 6.3, 0, 90],
		[360, "U1_28", 375.11, 995.63, "B", "SMD", "SDC0_DC", "", "R", 26.18, 6.3, 0, 90],
		[361, "U1_29", 388.89, 995.63, "B", "SMD", "FEL", "", "R", 26.18, 6.3, 0, 90],
		[362, "U1_30", 402.67, 995.63, "B", "SMD", "0V9", "", "R", 26.18, 6.3, 0, 90],
		[363, "U1_31", 416.45, 995.63, "B", "SMD", "1V5", "", "R", 26.18, 6.3, 0, 90],
		[364, "U1_32", 430.23, 995.63, "B", "SMD", "1V5", "", "R", 26.18, 6.3, 0, 90],
		[365, "U1_33", 444.01, 995.63, "B", "SMD", "0V9", "", "R", 26.18, 6.3, 0, 90],
		[366, "U1_34", 457.79, 995.63, "B", "SMD", "1V8", "", "R", 26.18, 6.3, 0, 90],
		[367, "U1_35", 471.57, 995.63, "B", "SMD", "U1_35", "", "R", 26.18, 6.3, 0, 90],
		[368, "U1_36", 485.35, 995.63, "B", "SMD", "MIPIA_MCLK", "", "R", 26.18, 6.3, 0, 90],
		[369, "U1_37", 499.13, 995.63, "B", "SMD", "MIPIA_RSTN", "", "R", 26.18, 6.3, 0, 90],
		[370, "U1_38", 512.91, 995.63, "B", "SMD", "TWI0_SCK", "", "R", 26.18, 6.3, 0, 90],
		[371, "U1_39", 526.69, 995.63, "B", "SMD", "TWI0_SDA", "", "R", 26.18, 6.3, 0, 90],
		[372, "U1_40", 540.47, 995.63, "B", "SMD", "MIPIA-CSI-CK0N", "", "R", 26.18, 6.3, 0, 90],
		[373, "U1_41", 554.25, 995.63, "B", "SMD", "MIPIA-CSI-CK0P", "", "R", 26.18, 6.3, 0, 90],
		[374, "U1_42", 568.03, 995.63, "B", "SMD", "MIPIA-CSI-D0N", "", "R", 26.18, 6.3, 0, 90],
		[375, "U1_43", 581.81, 995.63, "B", "SMD", "MIPIA-CSI-D0P", "", "R", 26.18, 6.3, 0, 90],
		[376, "U1_44", 595.59, 995.63, "B", "SMD", "MIPIA-CSI-D1N", "", "R", 26.18, 6.3, 0, 90],
		[377, "U1_45", 625.41, 965.81, "B", "SMD", "MIPIA-CSI-D1P", "", "R", 6.3, 26.18, 0, 90],
		[378, "U1_46", 625.41, 952.03, "B", "SMD", "U1_46", "", "R", 6.3, 26.18, 0, 90],
		[379, "U1_47", 625.41, 938.25, "B", "SMD", "U1_47", "", "R", 6.3, 26.18, 0, 90],
		[380, "U1_48", 625.41, 924.47, "B", "SMD", "GPADC0", "", "R", 6.3, 26.18, 0, 90],
		[381, "U1_49", 625.41, 910.69, "B", "SMD", "MICINP", "", "R", 6.3, 26.18, 0, 90],
		[382, "U1_50", 625.41, 896.91, "B", "SMD", "MICINN", "", "R", 6.3, 26.18, 0, 90],
		[383, "U1_51", 625.41, 883.13, "B", "SMD", "GND", "GND", "R", 6.3, 26.18, 0, 90],
		[384, "U1_52", 625.41, 869.35, "B", "SMD", "VRA1", "", "R", 6.3, 26.18, 0, 90],
		[385, "U1_53", 625.41, 855.57, "B", "SMD", "LINEOUTP", "", "R", 6.3, 26.18, 0, 90],
		[386, "U1_54", 625.41, 841.79, "B", "SMD", "LINEOUTN", "", "R", 6.3, 26.18, 0, 90],
		[387, "U1_55", 625.41, 828.01, "B", "SMD", "AVCC", "", "R", 6.3, 26.18, 0, 90],
		[388, "U1_56", 625.41, 814.23, "B", "SMD", "U1_56", "", "R", 6.3, 26.18, 0, 90],
		[389, "U1_57", 625.41, 800.45, "B", "SMD", "3V3", "", "R", 6.3, 26.18, 0, 90],
		[390, "U1_58", 625.41, 786.67, "B", "SMD", "D0-", "", "R", 6.3, 26.18, 0, 90],
		[391, "U1_59", 625.41, 772.89, "B", "SMD", "D0+", "", "R", 6.3, 26.18, 0, 90],
		[392, "U1_60", 625.41, 759.11, "B", "SMD", "0V9", "", "R", 6.3, 26.18, 0, 90],
		[393, "U1_61", 625.41, 745.34, "B", "SMD", "PD1", "", "R", 6.3, 26.18, 0, 90],
		[394, "U1_62", 625.41, 731.56, "B", "SMD", "PD2", "", "R", 6.3, 26.18, 0, 90],
		[395, "U1_63", 625.41, 717.77, "B", "SMD", "PD3", "", "R", 6.3, 26.18, 0, 90],
		[396, "U1_64", 625.41, 703.99, "B", "SMD", "PD4", "", "R", 6.3, 26.18, 0, 90],
		[397, "U1_65", 625.41, 690.21, "B", "SMD", "PD5", "", "R", 6.3, 26.18, 0, 90],
		[398, "U1_66", 625.41, 676.44, "B", "SMD", "PD6", "", "R", 6.3, 26.18, 0, 90],
		[399, "U1_67", 595.59, 646.61, "B", "SMD", "PD7", "", "R", 26.18, 6.3, 0, 90],
		[400, "U1_68", 581.81, 646.61, "B", "SMD", "PD8", "", "R", 26.18, 6.3, 0, 90],
		[401, "U1_69", 568.03, 646.61, "B", "SMD", "PD9", "", "R", 26.18, 6.3, 0, 90],
		[402, "U1_70", 554.25, 646.61, "B", "SMD", "PD10", "", "R", 26.18, 6.3, 0, 90],
		[403, "U1_71", 540.47, 646.61, "B", "SMD", "3V3", "", "R", 26.18, 6.3, 0, 90],
		[404, "U1_72", 526.69, 646.61, "B", "SMD", "PD11", "", "R", 26.18, 6.3, 0, 90],
		[405, "U1_73", 512.91, 646.61, "B", "SMD", "PD12", "", "R", 26.18, 6.3, 0, 90],
		[406, "U1_74", 499.13, 646.61, "B", "SMD", "PD13", "", "R", 26.18, 6.3, 0, 90],
		[407, "U1_75", 485.35, 646.61, "B", "SMD", "PD14", "", "R", 26.18, 6.3, 0, 90],
		[408, "U1_76", 471.57, 646.61, "B", "SMD", "PD15", "", "R", 26.18, 6.3, 0, 90],
		[409, "U1_77", 457.79, 646.61, "B", "SMD", "PD16", "", "R", 26.18, 6.3, 0, 90],
		[410, "U1_78", 444.01, 646.61, "B", "SMD", "PD17", "", "R", 26.18, 6.3, 0, 90],
		[411, "U1_79", 430.23, 646.61, "B", "SMD", "PD18", "", "R", 26.18, 6.3, 0, 90],
		[412, "U1_80", 416.45, 646.61, "B", "SMD", "PD19", "", "R", 26.18, 6.3, 0, 90],
		[413, "U1_81", 402.67, 646.61, "B", "SMD", "0V9", "", "R", 26.18, 6.3, 0, 90],
		[414, "U1_82", 388.89, 646.61, "B", "SMD", "PD22", "", "R", 26.18, 6.3, 0, 90],
		[415, "U1_83", 375.11, 646.61, "B", "SMD", "PD23", "", "R", 26.18, 6.3, 0, 90],
		[416, "U1_84", 361.33, 646.61, "B", "SMD", "1V5", "", "R", 26.18, 6.3, 0, 90],
		[417, "U1_85", 347.55, 646.61, "B", "SMD", "3V3", "", "R", 26.18, 6.3, 0, 90],
		[418, "U1_86", 333.77, 646.61, "B", "SMD", "$1N29215", "", "R", 26.18, 6.3, 0, 90],
		[419, "U1_87", 319.99, 646.61, "B", "SMD", "1V5", "", "R", 26.18, 6.3, 0, 90],
		[420, "U1_88", 306.21, 646.61, "B", "SMD", "1V8-AON", "", "R", 26.18, 6.3, 0, 90],
		[421, "U1_89", 450.9, 821.12, "B", "SMD", "GND", "GND", "R", 220.47, 220.47, 0, 90],
		[422, "U2_1", 313.33, 1589.37, "B", "SMD", "SDC0_D2", "", "R", 27.56, 49.21, 0, 180],
		[423, "U2_2", 356.64, 1589.37, "B", "SMD", "SDC0_D3", "", "R", 27.56, 49.21, 0, 180],
		[424, "U2_3", 399.94, 1589.37, "B", "SMD", "SDC0_CMD", "", "R", 27.56, 49.21, 0, 180],
		[425, "U2_4", 443.25, 1589.37, "B", "SMD", "$1N78208", "", "R", 27.56, 49.21, 0, 180],
		[426, "U2_5", 486.56, 1589.37, "B", "SMD", "SDC0_CLK", "", "R", 27.56, 49.21, 0, 180],
		[427, "U2_6", 529.86, 1589.37, "B", "SMD", "GND", "GND", "R", 27.56, 49.21, 0, 180],
		[428, "U2_7", 573.17, 1589.37, "B", "SMD", "SDC0_D0", "", "R", 27.56, 49.21, 0, 180],
		[429, "U2_8", 616.48, 1589.37, "B", "SMD", "SDC0_D1", "", "R", 27.56, 49.21, 0, 180],
		[430, "U2_9", 244.63, 1470.28, "B", "SMD", "GND", "GND", "R", 31.89, 23.62, 0, 180],
		[431, "U2_10", 277.31, 1432.88, "B", "SMD", "$1N78221", "", "R", 37.4, 35.43, 0, 180],
		[432, "U2_11", 249.35, 1519.49, "B", "SMD", "GND", "GND", "R", 57.09, 55.12, 0, 180],
		[433, "U2_12", 666.48, 1488.19, "B", "SMD", "GND", "GND", "R", 51.18, 158.66, 0, 180],
		[434, "U3_1", 429.67, 1264.95, "T", "SMD", "GND", "GND", "R", 7.87, 31.5, 0, 0],
		[435, "U3_2", 413.92, 1264.95, "T", "SMD", "$1N83335", "", "R", 7.87, 31.5, 0, 0],
		[436, "U3_3", 398.17, 1264.95, "T", "SMD", "$1N83072", "", "R", 7.87, 31.5, 0, 0],
		[437, "U3_4", 382.42, 1264.95, "T", "SMD", "GND", "GND", "R", 7.87, 31.5, 0, 0],
		[438, "U3_5", 366.67, 1264.95, "T", "SMD", "GND", "GND", "R", 7.87, 31.5, 0, 0],
		[439, "U3_6", 339.11, 1237.39, "T", "SMD", "$1N83076", "", "R", 7.87, 31.5, 0, 270],
		[440, "U3_7", 339.11, 1221.64, "T", "SMD", "VBUS", "", "R", 7.87, 31.5, 0, 270],
		[441, "U3_8", 339.11, 1205.89, "T", "SMD", "PMC_EN0", "", "R", 7.87, 31.5, 0, 270],
		[442, "U3_9", 339.11, 1190.15, "T", "SMD", "VBUS", "", "R", 7.87, 31.5, 0, 270],
		[443, "U3_10", 339.11, 1174.4, "T", "SMD", "VBUS", "", "R", 7.87, 31.5, 0, 270],
		[444, "U3_11", 366.67, 1146.83, "T", "SMD", "$1N82929", "", "R", 7.87, 31.5, 0, 0],
		[445, "U3_12", 382.42, 1146.83, "T", "SMD", "GND", "GND", "R", 7.87, 31.5, 0, 0],
		[446, "U3_13", 398.17, 1146.83, "T", "SMD", "GND", "GND", "R", 7.87, 31.5, 0, 0],
		[447, "U3_14", 413.92, 1146.83, "T", "SMD", "$1N82766", "", "R", 7.87, 31.5, 0, 0],
		[448, "U3_15", 429.67, 1146.83, "T", "SMD", "GND", "GND", "R", 7.87, 31.5, 0, 0],
		[449, "U3_16", 457.22, 1174.39, "T", "SMD", "VBUS", "", "R", 7.87, 31.5, 0, 90],
		[450, "U3_17", 457.22, 1190.14, "T", "SMD", "GND", "GND", "R", 7.87, 31.5, 0, 90],
		[451, "U3_18", 457.22, 1205.88, "T", "SMD", "PMC_EN0", "", "R", 7.87, 31.5, 0, 90],
		[452, "U3_19", 457.22, 1221.63, "T", "SMD", "VBUS", "", "R", 7.87, 31.5, 0, 90],
		[453, "U3_20", 457.22, 1237.38, "T", "SMD", "$1N83339", "", "R", 7.87, 31.5, 0, 90],
		[454, "U3_21", 398.17, 1205.89, "T", "SMD", "GND", "GND", "R", 66.93, 66.93, 0, 90],
		[455, "U4_1", 194.26, 983.12, "T", "SMD", "SPI0_CS", "", "R", 27.56, 62.99, 0, 270],
		[456, "U4_2", 194.26, 933.12, "T", "SMD", "SPI0_MISO", "", "R", 27.56, 62.99, 0, 270],
		[457, "U4_3", 194.26, 883.12, "T", "SMD", "SPI0_WP", "", "R", 27.56, 62.99, 0, 270],
		[458, "U4_4", 194.26, 833.12, "T", "SMD", "GND", "GND", "R", 27.56, 62.99, 0, 270],
		[459, "U4_5", 489.54, 833.12, "T", "SMD", "SPI0_MOSI", "", "R", 27.56, 62.99, 0, 270],
		[460, "U4_6", 489.54, 883.12, "T", "SMD", "SPI0_CLK", "", "R", 27.56, 62.99, 0, 270],
		[461, "U4_7", 489.54, 933.12, "T", "SMD", "SPI0_HOLD", "", "R", 27.56, 62.99, 0, 270],
		[462, "U4_8", 489.54, 983.12, "T", "SMD", "3V3", "", "R", 27.56, 62.99, 0, 270],
		[463, "USB1_17", 246.06, 1518.69, "T", "SMD", "GND", "GND", "R", 79.53, 59.05, 0, 180],
		[464, "USB1_18", 246.06, 1676.17, "T", "SMD", "GND", "GND", "R", 79.53, 59.05, 0, 180],
		[465, "USB1_19", 665.74, 1676.17, "T", "SMD", "GND", "GND", "R", 79.53, 59.05, 0, 180],
		[466, "USB1_20", 665.74, 1518.69, "T", "SMD", "GND", "GND", "R", 79.53, 59.05, 0, 180],
		[467, "USB1_A1", 581.88, 1496.07, "T", "SMD", "GND", "GND", "R", 19.68, 45.28, 0, 180],
		[468, "USB1_A12", 329.91, 1496.07, "T", "SMD", "GND", "GND", "R", 19.68, 45.28, 0, 180],
		[469, "USB1_A4", 550.39, 1496.07, "T", "SMD", "VBUS", "", "R", 19.68, 45.28, 0, 180],
		[470, "USB1_A5", 505.11, 1496.07, "T", "SMD", "$1N80801", "", "R", 10.24, 45.28, 0, 180],
		[471, "USB1_A6", 465.74, 1496.07, "T", "SMD", "D0+", "", "R", 10.24, 45.28, 0, 180],
		[472, "USB1_A7", 446.06, 1496.07, "T", "SMD", "D0-", "", "R", 10.24, 45.28, 0, 180],
		[473, "USB1_A8", 406.7, 1496.07, "T", "SMD", "UART0_RX", "", "R", 10.24, 45.28, 0, 180],
		[474, "USB1_A9", 361.41, 1496.07, "T", "SMD", "VBUS", "", "R", 19.68, 45.28, 0, 180],
		[475, "USB1_B5", 387, 1496.07, "T", "SMD", "$1N80715", "", "R", 10.24, 45.28, 0, 180],
		[476, "USB1_B6", 426.37, 1496.07, "T", "SMD", "D0+", "", "R", 10.24, 45.28, 0, 180],
		[477, "USB1_B7", 485.43, 1496.07, "T", "SMD", "D0-", "", "R", 10.24, 45.28, 0, 180],
		[478, "USB1_B8", 524.8, 1496.07, "T", "SMD", "UART0_TX", "", "R", 10.24, 45.28, 0, 180],
		[479, "X1_1", 149.31, 673.76, "B", "SMD", "HXIN", "", "R", 30, 20, 0, 90],
		[480, "X1_2", 149.31, 723.76, "B", "SMD", "GND", "GND", "R", 30, 20, 0, 90],
		[481, "X1_3", 189.31, 723.76, "B", "SMD", "HXOUT", "", "R", 30, 20, 0, 90],
		[482, "X1_4", 189.31, 673.76, "B", "SMD", "GND", "GND", "R", 30, 20, 0, 90]
	]
}
}